,type_of_food,postcode,count
0,*NEW*,4LR,2
1,*NEW*,8HT,1
2,Afghan,8SF,3
3,Afghan,1WB,2
4,Afghan,5AN,2
5,Afghan,6PQ,2
6,Afghan,7DY,2
7,Afghan,9AU,2
8,Afghan,4DG,1
9,Afghan,4SE,1
10,African,1HR,3
11,African,6PT,3
12,African,8JN,3
13,African,0LB,2
14,African,1AL,2
15,African,2BY,2
16,African,6RU,2
17,African,7SJ,2
18,African,9HJ,2
19,African,0PD,1
20,African,1PG,1
21,African,5DJ,1
22,African,5LQ,1
23,American,6NW,4
24,American,2SB,3
25,American,4EZ,3
26,American,0JA,2
27,American,1QQ,2
28,American,2EA,2
29,American,3AE,2
30,American,3NH,2
31,American,3NS,2
32,American,4JU,2
33,American,4NH,2
34,American,4NQ,2
35,American,4RQ,2
36,American,5AD,2
37,American,5NN,2
38,American,5PD,2
39,American,6BB,2
40,American,6LA,2
41,American,6QS,2
42,American,6RN,2
43,American,6WE,2
44,American,7DY,2
45,American,7NS,2
46,American,0RB,1
47,American,1EB,1
48,American,1EW,1
49,American,1JN,1
50,American,1LW,1
51,American,1NS,1
52,American,1QG,1
53,American,1RQ,1
54,American,1SZ,1
55,American,2AU,1
56,American,2LY,1
57,American,2RB,1
58,American,2SE,1
59,American,3EY,1
60,American,3JQ,1
61,American,3PB,1
62,American,4AT,1
63,American,4BJ,1
64,American,4HB,1
65,American,4QJ,1
66,American,5BW,1
67,American,5DW,1
68,American,5DX,1
69,American,6AA,1
70,American,6AY,1
71,American,6BD,1
72,American,6FP,1
73,American,6NJ,1
74,American,6NP,1
75,American,6QN,1
76,American,6RT,1
77,American,6UN,1
78,American,7BE,1
79,American,7DB,1
80,American,8DX,1
81,American,8EY,1
82,American,8JD,1
83,American,8LN,1
84,American,8LX,1
85,American,8UA,1
86,American,8UG,1
87,American,9EA,1
88,American,9EX,1
89,American,9LA,1
90,American,9LQ,1
91,Arabic,0QN,2
92,Arabic,4HR,2
93,Arabic,1JB,1
94,Arabic,1JY,1
95,Arabic,3NS,1
96,Arabic,4AN,1
97,Arabic,4QP,1
98,Azerbaijan,9BT,4
99,Azerbaijan,9NH,2
100,Bagels,8DS,3
101,Bangladeshi,9QW,3
102,Bangladeshi,1AJ,2
103,Bangladeshi,9DJ,2
104,Bangladeshi,1UU,1
105,Bangladeshi,3DU,1
106,Bangladeshi,3SW,1
107,Bangladeshi,4AF,1
108,Bangladeshi,4DA,1
109,Bangladeshi,4EH,1
110,Bangladeshi,5SD,1
111,Bangladeshi,5XL,1
112,Bangladeshi,7LW,1
113,Bangladeshi,8PE,1
114,Bangladeshi,9QS,1
115,Breakfast,0EP,1
116,Breakfast,0RH,1
117,Breakfast,2NY,1
118,Breakfast,2SF,1
119,Breakfast,3HD,1
120,Breakfast,7RL,1
121,Breakfast,8DG,1
122,Burgers,3JD,3
123,Burgers,1HX,2
124,Burgers,1SU,2
125,Burgers,5HZ,2
126,Burgers,7EE,2
127,Burgers,7HN,2
128,Burgers,0PA,1
129,Burgers,1DQ,1
130,Burgers,1DT,1
131,Burgers,1GF,1
132,Burgers,1QL,1
133,Burgers,2AR,1
134,Burgers,3AY,1
135,Burgers,3RS,1
136,Burgers,6RN,1
137,Burgers,7BL,1
138,Burgers,8AF,1
139,Cakes,1BW,1
140,Caribbean,8RZ,6
141,Caribbean,0DD,3
142,Caribbean,6EG,3
143,Caribbean,7AU,3
144,Caribbean,1DW,2
145,Caribbean,2LP,2
146,Caribbean,2QP,2
147,Caribbean,4HG,2
148,Caribbean,4JZ,2
149,Caribbean,5JD,2
150,Caribbean,6NQ,2
151,Caribbean,6SE,2
152,Caribbean,8LF,2
153,Caribbean,8PU,2
154,Caribbean,9HS,2
155,Caribbean,1HR,1
156,Caribbean,1TF,1
157,Caribbean,1UY,1
158,Caribbean,2HY,1
159,Caribbean,2NQ,1
160,Caribbean,4JU,1
161,Caribbean,7AB,1
162,Caribbean,7LL,1
163,Caribbean,7PT,1
164,Chicken,1BS,3
165,Chicken,2EZ,3
166,Chicken,5DP,3
167,Chicken,7AY,3
168,Chicken,9AU,3
169,Chicken,1RJ,2
170,Chicken,3BT,2
171,Chicken,3GP,2
172,Chicken,5AE,2
173,Chicken,5SD,2
174,Chicken,6FB,2
175,Chicken,6TW,2
176,Chicken,7AB,2
177,Chicken,7JX,2
178,Chicken,9SE,2
179,Chicken,0AD,1
180,Chicken,1AP,1
181,Chicken,1AY,1
182,Chicken,1EU,1
183,Chicken,1HP,1
184,Chicken,1JG,1
185,Chicken,1LA,1
186,Chicken,1PF,1
187,Chicken,2AU,1
188,Chicken,2EP,1
189,Chicken,4AA,1
190,Chicken,4BY,1
191,Chicken,4HG,1
192,Chicken,4JZ,1
193,Chicken,5AX,1
194,Chicken,9AS,1
195,Chicken,9BZ,1
196,Chicken,9HL,1
197,Chinese,4RJ,7
198,Chinese,2UA,4
199,Chinese,9QH,4
200,Chinese,0ED,3
201,Chinese,0UW,3
202,Chinese,6NG,3
203,Chinese,6SF,3
204,Chinese,8LH,3
205,Chinese,8PN,3
206,Chinese,0HH,2
207,Chinese,1BH,2
208,Chinese,1PY,2
209,Chinese,2PT,2
210,Chinese,2RF,2
211,Chinese,2XE,2
212,Chinese,3BN,2
213,Chinese,3DS,2
214,Chinese,3QP,2
215,Chinese,4EP,2
216,Chinese,4HD,2
217,Chinese,4JE,2
218,Chinese,5EH,2
219,Chinese,5PL,2
220,Chinese,6LN,2
221,Chinese,6UT,2
222,Chinese,7JB,2
223,Chinese,8AE,2
224,Chinese,8EB,2
225,Chinese,8PU,2
226,Chinese,8QW,2
227,Chinese,9DF,2
228,Chinese,0LB,1
229,Chinese,0PF,1
230,Chinese,1AB,1
231,Chinese,1AF,1
232,Chinese,1BB,1
233,Chinese,1DA,1
234,Chinese,1DT,1
235,Chinese,1ER,1
236,Chinese,1FD,1
237,Chinese,1HJ,1
238,Chinese,1HY,1
239,Chinese,1JJ,1
240,Chinese,1JU,1
241,Chinese,1JW,1
242,Chinese,1LZ,1
243,Chinese,1NE,1
244,Chinese,1NJ,1
245,Chinese,1PE,1
246,Chinese,1PS,1
247,Chinese,1QH,1
248,Chinese,1SN,1
249,Chinese,2AH,1
250,Chinese,2AN,1
251,Chinese,2BT,1
252,Chinese,2DR,1
253,Chinese,2HB,1
254,Chinese,2HD,1
255,Chinese,2LE,1
256,Chinese,2PY,1
257,Chinese,2QA,1
258,Chinese,2RD,1
259,Chinese,2SF,1
260,Chinese,2UB,1
261,Chinese,2XZ,1
262,Chinese,3AF,1
263,Chinese,3AW,1
264,Chinese,3DB,1
265,Chinese,3EH,1
266,Chinese,3HH,1
267,Chinese,3JH,1
268,Chinese,3LN,1
269,Chinese,3LX,1
270,Chinese,3NH,1
271,Chinese,3PU,1
272,Chinese,4EL,1
273,Chinese,4HE,1
274,Chinese,4LE,1
275,Chinese,4LP,1
276,Chinese,4PS,1
277,Chinese,4PY,1
278,Chinese,4SF,1
279,Chinese,5AU,1
280,Chinese,5BL,1
281,Chinese,5EF,1
282,Chinese,5HS,1
283,Chinese,5JN,1
284,Chinese,5ND,1
285,Chinese,5NS,1
286,Chinese,5PF,1
287,Chinese,6DX,1
288,Chinese,6EZ,1
289,Chinese,6LH,1
290,Chinese,6NB,1
291,Chinese,6NQ,1
292,Chinese,6NW,1
293,Chinese,6PL,1
294,Chinese,6TE,1
295,Chinese,7AE,1
296,Chinese,7EN,1
297,Chinese,7EP,1
298,Chinese,7EY,1
299,Chinese,7FB,1
300,Chinese,7JP,1
301,Chinese,7JR,1
302,Chinese,7NE,1
303,Chinese,7NR,1
304,Chinese,7QT,1
305,Chinese,8BT,1
306,Chinese,8DA,1
307,Chinese,8ET,1
308,Chinese,8GR,1
309,Chinese,8HF,1
310,Chinese,8NW,1
311,Chinese,8QE,1
312,Chinese,8TD,1
313,Chinese,8TG,1
314,Chinese,9AB,1
315,Chinese,9BW,1
316,Chinese,9BX,1
317,Chinese,9DE,1
318,Chinese,9EL,1
319,Chinese,9ES,1
320,Chinese,9EZ,1
321,Chinese,9HR,1
322,Chinese,9HS,1
323,Chinese,9PW,1
324,Chinese,9PX,1
325,Curry,4EG,6
326,Curry,6HE,6
327,Curry,7AG,6
328,Curry,1AD,5
329,Curry,6NX,5
330,Curry,0DT,4
331,Curry,1JZ,4
332,Curry,2AF,4
333,Curry,2DJ,4
334,Curry,3HG,4
335,Curry,4BB,4
336,Curry,5EL,4
337,Curry,6AA,4
338,Curry,7JD,4
339,Curry,9AA,4
340,Curry,0LQ,3
341,Curry,1HA,3
342,Curry,1LZ,3
343,Curry,1PX,3
344,Curry,1RP,3
345,Curry,1TX,3
346,Curry,2AB,3
347,Curry,2HB,3
348,Curry,2JR,3
349,Curry,2JT,3
350,Curry,2QJ,3
351,Curry,2RL,3
352,Curry,3BW,3
353,Curry,3NG,3
354,Curry,3QZ,3
355,Curry,3RX,3
356,Curry,3TG,3
357,Curry,4BG,3
358,Curry,4BX,3
359,Curry,4HF,3
360,Curry,4LY,3
361,Curry,4PQ,3
362,Curry,5AD,3
363,Curry,5AQ,3
364,Curry,5BL,3
365,Curry,5BW,3
366,Curry,5DR,3
367,Curry,5NL,3
368,Curry,6AH,3
369,Curry,6ED,3
370,Curry,6EP,3
371,Curry,7AE,3
372,Curry,7BB,3
373,Curry,7BL,3
374,Curry,7DJ,3
375,Curry,7DY,3
376,Curry,7LJ,3
377,Curry,7UN,3
378,Curry,8AQ,3
379,Curry,8AW,3
380,Curry,8JP,3
381,Curry,8LJ,3
382,Curry,8NF,3
383,Curry,9AD,3
384,Curry,9AN,3
385,Curry,9EZ,3
386,Curry,9NA,3
387,Curry,0AA,2
388,Curry,0BL,2
389,Curry,0BW,2
390,Curry,0BX,2
391,Curry,0DL,2
392,Curry,0HB,2
393,Curry,0JW,2
394,Curry,0LT,2
395,Curry,0NT,2
396,Curry,0QE,2
397,Curry,0RR,2
398,Curry,1BT,2
399,Curry,1DH,2
400,Curry,1DQ,2
401,Curry,1EX,2
402,Curry,1FX,2
403,Curry,1GN,2
404,Curry,1HG,2
405,Curry,1HL,2
406,Curry,1JD,2
407,Curry,1JL,2
408,Curry,1JT,2
409,Curry,1JU,2
410,Curry,1JX,2
411,Curry,1JY,2
412,Curry,1LB,2
413,Curry,1LJ,2
414,Curry,1LL,2
415,Curry,1NB,2
416,Curry,1ND,2
417,Curry,1SL,2
418,Curry,1SU,2
419,Curry,1XN,2
420,Curry,2AE,2
421,Curry,2AT,2
422,Curry,2AU,2
423,Curry,2AX,2
424,Curry,2BA,2
425,Curry,2BD,2
426,Curry,2DQ,2
427,Curry,2DS,2
428,Curry,2EN,2
429,Curry,2HD,2
430,Curry,2JD,2
431,Curry,2JH,2
432,Curry,2JL,2
433,Curry,2JQ,2
434,Curry,2QX,2
435,Curry,2RF,2
436,Curry,2SQ,2
437,Curry,2SR,2
438,Curry,3BB,2
439,Curry,3BQ,2
440,Curry,3BT,2
441,Curry,3EB,2
442,Curry,3EL,2
443,Curry,3HP,2
444,Curry,3HR,2
445,Curry,3HW,2
446,Curry,3JH,2
447,Curry,3JX,2
448,Curry,3LF,2
449,Curry,3LH,2
450,Curry,3LS,2
451,Curry,3LW,2
452,Curry,3NQ,2
453,Curry,3PN,2
454,Curry,3RG,2
455,Curry,3SQ,2
456,Curry,3TB,2
457,Curry,3TL,2
458,Curry,4AJ,2
459,Curry,4AP,2
460,Curry,4BS,2
461,Curry,4DF,2
462,Curry,4EA,2
463,Curry,4EE,2
464,Curry,4EP,2
465,Curry,4JH,2
466,Curry,4LA,2
467,Curry,4LX,2
468,Curry,4QR,2
469,Curry,4QZ,2
470,Curry,4SJ,2
471,Curry,4TP,2
472,Curry,5AR,2
473,Curry,5AZ,2
474,Curry,5BB,2
475,Curry,5BD,2
476,Curry,5EH,2
477,Curry,5EW,2
478,Curry,5NA,2
479,Curry,5QE,2
480,Curry,5SB,2
481,Curry,5SG,2
482,Curry,5SY,2
483,Curry,6AW,2
484,Curry,6DY,2
485,Curry,6ET,2
486,Curry,6FN,2
487,Curry,6HJ,2
488,Curry,6JF,2
489,Curry,6LD,2
490,Curry,6QB,2
491,Curry,6QS,2
492,Curry,6RD,2
493,Curry,6RR,2
494,Curry,6SB,2
495,Curry,6SS,2
496,Curry,6TL,2
497,Curry,7AS,2
498,Curry,7BD,2
499,Curry,7DA,2
500,Curry,7HG,2
501,Curry,7JE,2
502,Curry,7NL,2
503,Curry,7NR,2
504,Curry,7PF,2
505,Curry,7QJ,2
506,Curry,7RS,2
507,Curry,7TG,2
508,Curry,8AG,2
509,Curry,8AP,2
510,Curry,8ER,2
511,Curry,8EX,2
512,Curry,8JE,2
513,Curry,8JH,2
514,Curry,8JY,2
515,Curry,8LQ,2
516,Curry,8LS,2
517,Curry,8QP,2
518,Curry,8RE,2
519,Curry,8SB,2
520,Curry,8SF,2
521,Curry,9BG,2
522,Curry,9BW,2
523,Curry,9DJ,2
524,Curry,9NS,2
525,Curry,0AJ,1
526,Curry,0AP,1
527,Curry,0BJ,1
528,Curry,0DN,1
529,Curry,0ER,1
530,Curry,0FH,1
531,Curry,0GN,1
532,Curry,0HY,1
533,Curry,0JG,1
534,Curry,0JU,1
535,Curry,0JY,1
536,Curry,0JZ,1
537,Curry,0LE,1
538,Curry,0LF,1
539,Curry,0LL,1
540,Curry,0LP,1
541,Curry,0LW,1
542,Curry,0LY,1
543,Curry,0NA,1
544,Curry,0PE,1
545,Curry,0QD,1
546,Curry,0QQ,1
547,Curry,0QR,1
548,Curry,0QT,1
549,Curry,0RB,1
550,Curry,0TB,1
551,Curry,0UH,1
552,Curry,0US,1
553,Curry,0UU,1
554,Curry,0XJ,1
555,Curry,0XS,1
556,Curry,1AA,1
557,Curry,1AG,1
558,Curry,1AH,1
559,Curry,1AL,1
560,Curry,1AQ,1
561,Curry,1AR,1
562,Curry,1AS,1
563,Curry,1AU,1
564,Curry,1AZ,1
565,Curry,1BG,1
566,Curry,1BH,1
567,Curry,1BZ,1
568,Curry,1DA,1
569,Curry,1DG,1
570,Curry,1DJ,1
571,Curry,1DL,1
572,Curry,1DP,1
573,Curry,1DX,1
574,Curry,1EA,1
575,Curry,1EE,1
576,Curry,1EH,1
577,Curry,1FN,1
578,Curry,1FY,1
579,Curry,1GB,1
580,Curry,1HD,1
581,Curry,1HH,1
582,Curry,1JM,1
583,Curry,1JP,1
584,Curry,1JQ,1
585,Curry,1JS,1
586,Curry,1JW,1
587,Curry,1LD,1
588,Curry,1LF,1
589,Curry,1LH,1
590,Curry,1LW,1
591,Curry,1NA,1
592,Curry,1NE,1
593,Curry,1NN,1
594,Curry,1NP,1
595,Curry,1PB,1
596,Curry,1PD,1
597,Curry,1PL,1
598,Curry,1PY,1
599,Curry,1QA,1
600,Curry,1QH,1
601,Curry,1RE,1
602,Curry,1RL,1
603,Curry,1RS,1
604,Curry,1SH,1
605,Curry,1SS,1
606,Curry,1TP,1
607,Curry,1UW,1
608,Curry,1UY,1
609,Curry,1XG,1
610,Curry,1XQ,1
611,Curry,1XS,1
612,Curry,1YF,1
613,Curry,1YW,1
614,Curry,2AA,1
615,Curry,2AP,1
616,Curry,2AR,1
617,Curry,2AW,1
618,Curry,2BW,1
619,Curry,2DB,1
620,Curry,2DH,1
621,Curry,2DN,1
622,Curry,2DT,1
623,Curry,2EA,1
624,Curry,2ED,1
625,Curry,2EG,1
626,Curry,2ER,1
627,Curry,2EU,1
628,Curry,2GB,1
629,Curry,2HS,1
630,Curry,2HZ,1
631,Curry,2JW,1
632,Curry,2LB,1
633,Curry,2LF,1
634,Curry,2LJ,1
635,Curry,2LN,1
636,Curry,2NB,1
637,Curry,2NJ,1
638,Curry,2NS,1
639,Curry,2NW,1
640,Curry,2NY,1
641,Curry,2PE,1
642,Curry,2PG,1
643,Curry,2QD,1
644,Curry,2QF,1
645,Curry,2QH,1
646,Curry,2QN,1
647,Curry,2RR,1
648,Curry,2RU,1
649,Curry,2RY,1
650,Curry,2SP,1
651,Curry,2TD,1
652,Curry,2TF,1
653,Curry,2TH,1
654,Curry,2TX,1
655,Curry,2XU,1
656,Curry,2YT,1
657,Curry,2YX,1
658,Curry,3AP,1
659,Curry,3AQ,1
660,Curry,3AS,1
661,Curry,3AU,1
662,Curry,3BE,1
663,Curry,3BG,1
664,Curry,3BN,1
665,Curry,3BP,1
666,Curry,3BS,1
667,Curry,3DB,1
668,Curry,3DN,1
669,Curry,3DS,1
670,Curry,3DU,1
671,Curry,3DW,1
672,Curry,3ES,1
673,Curry,3ET,1
674,Curry,3EU,1
675,Curry,3GQ,1
676,Curry,3HA,1
677,Curry,3HF,1
678,Curry,3HL,1
679,Curry,3HS,1
680,Curry,3JA,1
681,Curry,3JF,1
682,Curry,3JG,1
683,Curry,3JZ,1
684,Curry,3LD,1
685,Curry,3LL,1
686,Curry,3NB,1
687,Curry,3NN,1
688,Curry,3NT,1
689,Curry,3NW,1
690,Curry,3PH,1
691,Curry,3PP,1
692,Curry,3QE,1
693,Curry,3QR,1
694,Curry,3QY,1
695,Curry,3RA,1
696,Curry,3SG,1
697,Curry,3SP,1
698,Curry,4AR,1
699,Curry,4BE,1
700,Curry,4BH,1
701,Curry,4DA,1
702,Curry,4DG,1
703,Curry,4DQ,1
704,Curry,4DX,1
705,Curry,4DY,1
706,Curry,4EJ,1
707,Curry,4FD,1
708,Curry,4HA,1
709,Curry,4HG,1
710,Curry,4HR,1
711,Curry,4HS,1
712,Curry,4HU,1
713,Curry,4JA,1
714,Curry,4JD,1
715,Curry,4JG,1
716,Curry,4JP,1
717,Curry,4JU,1
718,Curry,4JW,1
719,Curry,4LE,1
720,Curry,4LG,1
721,Curry,4LN,1
722,Curry,4LR,1
723,Curry,4LS,1
724,Curry,4ND,1
725,Curry,4NQ,1
726,Curry,4NX,1
727,Curry,4NY,1
728,Curry,4PF,1
729,Curry,4QE,1
730,Curry,4RT,1
731,Curry,4RW,1
732,Curry,4ST,1
733,Curry,4TE,1
734,Curry,4TN,1
735,Curry,4UR,1
736,Curry,4XA,1
737,Curry,5AA,1
738,Curry,5AE,1
739,Curry,5AG,1
740,Curry,5AJ,1
741,Curry,5AP,1
742,Curry,5AY,1
743,Curry,5BJ,1
744,Curry,5BZ,1
745,Curry,5DG,1
746,Curry,5DH,1
747,Curry,5DT,1
748,Curry,5DW,1
749,Curry,5DY,1
750,Curry,5EA,1
751,Curry,5GG,1
752,Curry,5GN,1
753,Curry,5HA,1
754,Curry,5HB,1
755,Curry,5HN,1
756,Curry,5HS,1
757,Curry,5HY,1
758,Curry,5LX,1
759,Curry,5NG,1
760,Curry,5NH,1
761,Curry,5NJ,1
762,Curry,5NP,1
763,Curry,5PD,1
764,Curry,5PE,1
765,Curry,5PH,1
766,Curry,5PN,1
767,Curry,5PQ,1
768,Curry,5PZ,1
769,Curry,5QH,1
770,Curry,5QJ,1
771,Curry,5QT,1
772,Curry,5QX,1
773,Curry,5QZ,1
774,Curry,5RA,1
775,Curry,5RS,1
776,Curry,5RY,1
777,Curry,5RZ,1
778,Curry,5SA,1
779,Curry,5SD,1
780,Curry,5SS,1
781,Curry,5TE,1
782,Curry,5TR,1
783,Curry,5UY,1
784,Curry,6AJ,1
785,Curry,6AX,1
786,Curry,6AZ,1
787,Curry,6BZ,1
788,Curry,6DB,1
789,Curry,6DD,1
790,Curry,6DE,1
791,Curry,6DF,1
792,Curry,6DH,1
793,Curry,6DP,1
794,Curry,6DT,1
795,Curry,6EA,1
796,Curry,6EB,1
797,Curry,6EW,1
798,Curry,6FQ,1
799,Curry,6GZ,1
800,Curry,6HA,1
801,Curry,6HR,1
802,Curry,6JA,1
803,Curry,6JD,1
804,Curry,6JH,1
805,Curry,6JJ,1
806,Curry,6JW,1
807,Curry,6LA,1
808,Curry,6LR,1
809,Curry,6LY,1
810,Curry,6NY,1
811,Curry,6PG,1
812,Curry,6PP,1
813,Curry,6QL,1
814,Curry,6QU,1
815,Curry,6RA,1
816,Curry,6RP,1
817,Curry,6SE,1
818,Curry,6UE,1
819,Curry,6UJ,1
820,Curry,7AF,1
821,Curry,7AP,1
822,Curry,7BN,1
823,Curry,7BP,1
824,Curry,7BU,1
825,Curry,7BY,1
826,Curry,7DB,1
827,Curry,7DL,1
828,Curry,7DP,1
829,Curry,7DZ,1
830,Curry,7EA,1
831,Curry,7EG,1
832,Curry,7EL,1
833,Curry,7EP,1
834,Curry,7HD,1
835,Curry,7HN,1
836,Curry,7HP,1
837,Curry,7HT,1
838,Curry,7HW,1
839,Curry,7HX,1
840,Curry,7JL,1
841,Curry,7LD,1
842,Curry,7LS,1
843,Curry,7LY,1
844,Curry,7NE,1
845,Curry,7NF,1
846,Curry,7NX,1
847,Curry,7PJ,1
848,Curry,7PL,1
849,Curry,7QH,1
850,Curry,7QS,1
851,Curry,7QX,1
852,Curry,7RH,1
853,Curry,7SL,1
854,Curry,7TD,1
855,Curry,7TH,1
856,Curry,7UQ,1
857,Curry,7XF,1
858,Curry,7YB,1
859,Curry,8AA,1
860,Curry,8AB,1
861,Curry,8AL,1
862,Curry,8AY,1
863,Curry,8BJ,1
864,Curry,8BT,1
865,Curry,8BZ,1
866,Curry,8DA,1
867,Curry,8DL,1
868,Curry,8DQ,1
869,Curry,8DY,1
870,Curry,8EH,1
871,Curry,8EP,1
872,Curry,8ET,1
873,Curry,8GA,1
874,Curry,8HA,1
875,Curry,8HD,1
876,Curry,8HR,1
877,Curry,8HU,1
878,Curry,8HZ,1
879,Curry,8JB,1
880,Curry,8JD,1
881,Curry,8JL,1
882,Curry,8JN,1
883,Curry,8LB,1
884,Curry,8LW,1
885,Curry,8LX,1
886,Curry,8NA,1
887,Curry,8NE,1
888,Curry,8NN,1
889,Curry,8PA,1
890,Curry,8PP,1
891,Curry,8PR,1
892,Curry,8QN,1
893,Curry,8RF,1
894,Curry,8RS,1
895,Curry,8RY,1
896,Curry,8SE,1
897,Curry,8SH,1
898,Curry,8SW,1
899,Curry,8TG,1
900,Curry,8TY,1
901,Curry,8UD,1
902,Curry,8XD,1
903,Curry,8XW,1
904,Curry,9AF,1
905,Curry,9AQ,1
906,Curry,9AT,1
907,Curry,9BA,1
908,Curry,9BB,1
909,Curry,9BH,1
910,Curry,9BN,1
911,Curry,9BQ,1
912,Curry,9BT,1
913,Curry,9BU,1
914,Curry,9DD,1
915,Curry,9DU,1
916,Curry,9DX,1
917,Curry,9DZ,1
918,Curry,9EP,1
919,Curry,9ES,1
920,Curry,9EX,1
921,Curry,9HT,1
922,Curry,9HW,1
923,Curry,9HY,1
924,Curry,9JG,1
925,Curry,9JR,1
926,Curry,9JS,1
927,Curry,9LT,1
928,Curry,9NG,1
929,Curry,9PN,1
930,Curry,9PW,1
931,Curry,9QH,1
932,Curry,9QW,1
933,Curry,9RE,1
934,Curry,9RG,1
935,Curry,9RL,1
936,Curry,9TS,1
937,Curry,9UA,1
938,Curry,9UY,1
939,Curry,9XG,1
940,Curry,9XL,1
941,Curry,9XS,1
942,Desserts,6DA,2
943,Desserts,1LW,1
944,Desserts,1NE,1
945,English,6EL,4
946,English,0NG,2
947,English,4DN,2
948,English,8JH,2
949,English,0JS,1
950,English,2HG,1
951,English,2LW,1
952,English,2RY,1
953,English,3AA,1
954,English,3JL,1
955,English,3PE,1
956,English,4ET,1
957,English,4NE,1
958,English,5BU,1
959,English,5DQ,1
960,English,7ED,1
961,English,7JS,1
962,English,7QB,1
963,English,7QZ,1
964,English,8DG,1
965,English,8HF,1
966,English,9ED,1
967,Ethiopian,3JX,3
968,Fish & Chips,2EN,3
969,Fish & Chips,4LX,3
970,Fish & Chips,8ND,3
971,Fish & Chips,0BT,2
972,Fish & Chips,1DT,2
973,Fish & Chips,1GB,2
974,Fish & Chips,1LS,2
975,Fish & Chips,1UN,2
976,Fish & Chips,2DG,2
977,Fish & Chips,2PQ,2
978,Fish & Chips,3GF,2
979,Fish & Chips,3QL,2
980,Fish & Chips,3XP,2
981,Fish & Chips,7DJ,2
982,Fish & Chips,7HD,2
983,Fish & Chips,9AG,2
984,Fish & Chips,9DL,2
985,Fish & Chips,9NG,2
986,Fish & Chips,9SL,2
987,Fish & Chips,9XS,2
988,Fish & Chips,0AL,1
989,Fish & Chips,0HD,1
990,Fish & Chips,0JX,1
991,Fish & Chips,0LJ,1
992,Fish & Chips,1AQ,1
993,Fish & Chips,1BU,1
994,Fish & Chips,1BW,1
995,Fish & Chips,1BY,1
996,Fish & Chips,1GN,1
997,Fish & Chips,1HD,1
998,Fish & Chips,1HG,1
999,Fish & Chips,1HN,1
1000,Fish & Chips,1HP,1
1001,Fish & Chips,1HT,1
1002,Fish & Chips,1LA,1
1003,Fish & Chips,1LH,1
1004,Fish & Chips,1SS,1
1005,Fish & Chips,1XQ,1
1006,Fish & Chips,2AL,1
1007,Fish & Chips,2BH,1
1008,Fish & Chips,2BJ,1
1009,Fish & Chips,2DW,1
1010,Fish & Chips,2DZ,1
1011,Fish & Chips,2EJ,1
1012,Fish & Chips,2ES,1
1013,Fish & Chips,2EX,1
1014,Fish & Chips,2JF,1
1015,Fish & Chips,2LB,1
1016,Fish & Chips,2LT,1
1017,Fish & Chips,2NR,1
1018,Fish & Chips,2TP,1
1019,Fish & Chips,3AF,1
1020,Fish & Chips,3EA,1
1021,Fish & Chips,3HN,1
1022,Fish & Chips,3LF,1
1023,Fish & Chips,3NL,1
1024,Fish & Chips,3QF,1
1025,Fish & Chips,4HE,1
1026,Fish & Chips,4LZ,1
1027,Fish & Chips,4ND,1
1028,Fish & Chips,4RX,1
1029,Fish & Chips,4TB,1
1030,Fish & Chips,5DA,1
1031,Fish & Chips,5DB,1
1032,Fish & Chips,5HA,1
1033,Fish & Chips,5QU,1
1034,Fish & Chips,5RF,1
1035,Fish & Chips,5TD,1
1036,Fish & Chips,5TJ,1
1037,Fish & Chips,6AH,1
1038,Fish & Chips,6AT,1
1039,Fish & Chips,6BP,1
1040,Fish & Chips,6DX,1
1041,Fish & Chips,6GY,1
1042,Fish & Chips,6HH,1
1043,Fish & Chips,6JR,1
1044,Fish & Chips,6NG,1
1045,Fish & Chips,6PA,1
1046,Fish & Chips,6PD,1
1047,Fish & Chips,6QZ,1
1048,Fish & Chips,6UD,1
1049,Fish & Chips,7BP,1
1050,Fish & Chips,7DG,1
1051,Fish & Chips,7EL,1
1052,Fish & Chips,7NT,1
1053,Fish & Chips,7PP,1
1054,Fish & Chips,8DD,1
1055,Fish & Chips,8LH,1
1056,Fish & Chips,8NL,1
1057,Fish & Chips,9BW,1
1058,Fish & Chips,9NB,1
1059,Fish & Chips,9QF,1
1060,Fish & Chips,9SA,1
1061,Greek,5PD,2
1062,Greek,7AW,2
1063,Greek,1HR,1
1064,Greek,2ER,1
1065,Greek,3EN,1
1066,Greek,6LS,1
1067,Greek,8BP,1
1068,Grill,4EZ,2
1069,Grill,5BW,2
1070,Grill,9HA,2
1071,Grill,9LD,2
1072,Grill,0FF,1
1073,Grill,0JZ,1
1074,Grill,6AB,1
1075,Grill,8EX,1
1076,Grill,8PD,1
1077,Healthy,1AE,2
1078,Healthy,1AF,2
1079,Healthy,3DU,1
1080,Ice Cream,1UX,2
1081,Japanese,1DW,4
1082,Japanese,4QU,3
1083,Japanese,3RX,2
1084,Japanese,7PG,2
1085,Japanese,1UQ,1
1086,Japanese,2JJ,1
1087,Japanese,2LJ,1
1088,Japanese,7BX,1
1089,Japanese,7DA,1
1090,Japanese,7PN,1
1091,Kebab,1BL,3
1092,Kebab,1DJ,3
1093,Kebab,3PS,3
1094,Kebab,6SN,3
1095,Kebab,7EP,3
1096,Kebab,1HY,2
1097,Kebab,1SN,2
1098,Kebab,2ND,2
1099,Kebab,2NS,2
1100,Kebab,2PS,2
1101,Kebab,2SN,2
1102,Kebab,2SY,2
1103,Kebab,3HE,2
1104,Kebab,3HQ,2
1105,Kebab,3PA,2
1106,Kebab,4FP,2
1107,Kebab,4GD,2
1108,Kebab,4HE,2
1109,Kebab,4NN,2
1110,Kebab,5AG,2
1111,Kebab,6DL,2
1112,Kebab,6HH,2
1113,Kebab,6LP,2
1114,Kebab,6RU,2
1115,Kebab,7AA,2
1116,Kebab,7LY,2
1117,Kebab,8EN,2
1118,Kebab,8EW,2
1119,Kebab,8NP,2
1120,Kebab,8RF,2
1121,Kebab,9LH,2
1122,Kebab,9QB,2
1123,Kebab,0BT,1
1124,Kebab,0HP,1
1125,Kebab,0LL,1
1126,Kebab,1AD,1
1127,Kebab,1BY,1
1128,Kebab,1HL,1
1129,Kebab,1HN,1
1130,Kebab,1JR,1
1131,Kebab,1LN,1
1132,Kebab,1NH,1
1133,Kebab,1NW,1
1134,Kebab,1PB,1
1135,Kebab,1QD,1
1136,Kebab,2AD,1
1137,Kebab,2AT,1
1138,Kebab,2AU,1
1139,Kebab,2EP,1
1140,Kebab,2ET,1
1141,Kebab,2HN,1
1142,Kebab,2JL,1
1143,Kebab,2JT,1
1144,Kebab,2PA,1
1145,Kebab,2Ru,1
1146,Kebab,2TH,1
1147,Kebab,2XH,1
1148,Kebab,3AW,1
1149,Kebab,3BQ,1
1150,Kebab,3DN,1
1151,Kebab,3HW,1
1152,Kebab,3JF,1
1153,Kebab,3NE,1
1154,Kebab,3TL,1
1155,Kebab,4AH,1
1156,Kebab,4EQ,1
1157,Kebab,4JE,1
1158,Kebab,4LE,1
1159,Kebab,5AA,1
1160,Kebab,5AN,1
1161,Kebab,5BD,1
1162,Kebab,5BT,1
1163,Kebab,5DA,1
1164,Kebab,5DW,1
1165,Kebab,5EL,1
1166,Kebab,5HT,1
1167,Kebab,5HX,1
1168,Kebab,5PE,1
1169,Kebab,5RS,1
1170,Kebab,6BT,1
1171,Kebab,6DB,1
1172,Kebab,6DD,1
1173,Kebab,6DJ,1
1174,Kebab,6EY,1
1175,Kebab,6JN,1
1176,Kebab,6QD,1
1177,Kebab,7AE,1
1178,Kebab,7BA,1
1179,Kebab,7EA,1
1180,Kebab,7GH,1
1181,Kebab,7JE,1
1182,Kebab,7LL,1
1183,Kebab,7NR,1
1184,Kebab,8AF,1
1185,Kebab,8AG,1
1186,Kebab,8AJ,1
1187,Kebab,8AS,1
1188,Kebab,8DD,1
1189,Kebab,8EB,1
1190,Kebab,8HT,1
1191,Kebab,8JS,1
1192,Kebab,8NY,1
1193,Kebab,8QF,1
1194,Kebab,8QG,1
1195,Kebab,8QQ,1
1196,Kebab,8RB,1
1197,Kebab,8SX,1
1198,Kebab,8TA,1
1199,Kebab,8XW,1
1200,Kebab,8YD,1
1201,Kebab,9AA,1
1202,Kebab,9AP,1
1203,Kebab,9AW,1
1204,Kebab,9BL,1
1205,Kebab,9BU,1
1206,Kebab,9EN,1
1207,Kebab,9LP,1
1208,Korean,2HP,2
1209,Korean,5QZ,1
1210,Lebanese,2HX,4
1211,Lebanese,3JH,4
1212,Lebanese,7DH,4
1213,Lebanese,6PB,3
1214,Lebanese,6XQ,3
1215,Lebanese,7JE,3
1216,Lebanese,9BL,3
1217,Lebanese,0AN,2
1218,Lebanese,0QL,2
1219,Lebanese,1BG,2
1220,Lebanese,1DN,2
1221,Lebanese,1DX,2
1222,Lebanese,1PA,2
1223,Lebanese,2HZ,2
1224,Lebanese,2LS,2
1225,Lebanese,3QJ,2
1226,Lebanese,4AJ,2
1227,Lebanese,7RE,2
1228,Lebanese,8EN,2
1229,Lebanese,9BX,2
1230,Lebanese,9DT,2
1231,Lebanese,9HB,2
1232,Lebanese,9JW,2
1233,Lebanese,0UF,1
1234,Lebanese,1HH,1
1235,Lebanese,1JD,1
1236,Lebanese,1JJ,1
1237,Lebanese,1PE,1
1238,Lebanese,1QA,1
1239,Lebanese,2DZ,1
1240,Lebanese,2QN,1
1241,Lebanese,2UF,1
1242,Lebanese,4AB,1
1243,Lebanese,4DQ,1
1244,Lebanese,5QP,1
1245,Lebanese,7DR,1
1246,Lebanese,8JS,1
1247,Mediterranean,5AA,4
1248,Mediterranean,3JL,2
1249,Mediterranean,1EU,1
1250,Mediterranean,1QH,1
1251,Mediterranean,2HQ,1
1252,Mediterranean,3NR,1
1253,Mediterranean,4BW,1
1254,Mediterranean,6PU,1
1255,Mexican,8LX,3
1256,Mexican,3NS,2
1257,Mexican,2SJ,1
1258,Mexican,3LZ,1
1259,Mexican,4ES,1
1260,Mexican,4LW,1
1261,Mexican,8HA,1
1262,Mexican,9DS,1
1263,Middle Eastern,1TN,4
1264,Middle Eastern,0SL,3
1265,Middle Eastern,9PA,2
1266,Middle Eastern,1PY,1
1267,Middle Eastern,5TQ,1
1268,Middle Eastern,8DP,1
1269,Middle Eastern,8PY,1
1270,Middle Eastern,9XW,1
1271,Milkshakes,9EE,3
1272,Milkshakes,6AA,2
1273,Milkshakes,6QR,1
1274,Moroccan,3EF,2
1275,Moroccan,1NH,1
1276,Moroccan,1NT,1
1277,Nigerian,8EY,1
1278,Pakistani,8DD,3
1279,Pakistani,7DL,2
1280,Pakistani,2DE,1
1281,Pakistani,6UY,1
1282,Pasta,1NR,1
1283,Peri Peri,7AU,3
1284,Peri Peri,1JA,2
1285,Peri Peri,2RJ,2
1286,Peri Peri,3DF,2
1287,Peri Peri,4EB,2
1288,Peri Peri,4JJ,2
1289,Peri Peri,1PQ,1
1290,Peri Peri,1XN,1
1291,Peri Peri,2NU,1
1292,Peri Peri,2PF,1
1293,Peri Peri,3DG,1
1294,Peri Peri,3ED,1
1295,Persian,5SA,3
1296,Persian,0AH,2
1297,Persian,1BF,2
1298,Persian,4EE,2
1299,Persian,5TH,2
1300,Persian,8TD,2
1301,Persian,6AH,1
1302,Pick n Mix,6JA,2
1303,Pizza,0DR,5
1304,Pizza,4AA,5
1305,Pizza,4JR,5
1306,Pizza,6AA,5
1307,Pizza,1BA,4
1308,Pizza,2QS,4
1309,Pizza,7AG,4
1310,Pizza,0SH,3
1311,Pizza,1AB,3
1312,Pizza,1HW,3
1313,Pizza,1NL,3
1314,Pizza,3BB,3
1315,Pizza,4BL,3
1316,Pizza,4QN,3
1317,Pizza,6EY,3
1318,Pizza,6QE,3
1319,Pizza,7AY,3
1320,Pizza,7JD,3
1321,Pizza,8AS,3
1322,Pizza,8RB,3
1323,Pizza,8TF,3
1324,Pizza,8XQ,3
1325,Pizza,9BY,3
1326,Pizza,9LW,3
1327,Pizza,9QA,3
1328,Pizza,0AA,2
1329,Pizza,0BE,2
1330,Pizza,0EA,2
1331,Pizza,0ED,2
1332,Pizza,0ES,2
1333,Pizza,0JP,2
1334,Pizza,0LA,2
1335,Pizza,0se,2
1336,Pizza,1AF,2
1337,Pizza,1AL,2
1338,Pizza,1AX,2
1339,Pizza,1BB,2
1340,Pizza,1BT,2
1341,Pizza,1DH,2
1342,Pizza,1DL,2
1343,Pizza,1DT,2
1344,Pizza,1HA,2
1345,Pizza,1JF,2
1346,Pizza,1LE,2
1347,Pizza,1PH,2
1348,Pizza,1PZ,2
1349,Pizza,1RJ,2
1350,Pizza,2AJ,2
1351,Pizza,2AT,2
1352,Pizza,2EA,2
1353,Pizza,2ER,2
1354,Pizza,2RG,2
1355,Pizza,2RH,2
1356,Pizza,2UZ,2
1357,Pizza,3AN,2
1358,Pizza,3AS,2
1359,Pizza,3AZ,2
1360,Pizza,3BA,2
1361,Pizza,3BR,2
1362,Pizza,3DH,2
1363,Pizza,3HS,2
1364,Pizza,3PA,2
1365,Pizza,3PR,2
1366,Pizza,4AE,2
1367,Pizza,4BD,2
1368,Pizza,4DB,2
1369,Pizza,4EX,2
1370,Pizza,4HA,2
1371,Pizza,4HW,2
1372,Pizza,4JP,2
1373,Pizza,4LD,2
1374,Pizza,4PH,2
1375,Pizza,4PS,2
1376,Pizza,4PY,2
1377,Pizza,4QT,2
1378,Pizza,4RA,2
1379,Pizza,5HQ,2
1380,Pizza,5NS,2
1381,Pizza,6AD,2
1382,Pizza,6AU,2
1383,Pizza,6BP,2
1384,Pizza,6JU,2
1385,Pizza,6PA,2
1386,Pizza,6QA,2
1387,Pizza,6XJ,2
1388,Pizza,7ES,2
1389,Pizza,7JN,2
1390,Pizza,7JZ,2
1391,Pizza,7NR,2
1392,Pizza,7PB,2
1393,Pizza,7RP,2
1394,Pizza,7SU,2
1395,Pizza,8DA,2
1396,Pizza,8EE,2
1397,Pizza,8FH,2
1398,Pizza,8JU,2
1399,Pizza,8LH,2
1400,Pizza,8ND,2
1401,Pizza,8NJ,2
1402,Pizza,9HB,2
1403,Pizza,9JP,2
1404,Pizza,9JQ,2
1405,Pizza,9LN,2
1406,Pizza,9LY,2
1407,Pizza,9PW,2
1408,Pizza,9SA,2
1409,Pizza,9TQ,2
1410,Pizza,0AD,1
1411,Pizza,0AT,1
1412,Pizza,0AZ,1
1413,Pizza,0BL,1
1414,Pizza,0DA,1
1415,Pizza,0DL,1
1416,Pizza,0DN,1
1417,Pizza,0HG,1
1418,Pizza,0JH,1
1419,Pizza,0JZ,1
1420,Pizza,0NB,1
1421,Pizza,0NH,1
1422,Pizza,0QN,1
1423,Pizza,0QX,1
1424,Pizza,0RE,1
1425,Pizza,0RR,1
1426,Pizza,0RW,1
1427,Pizza,0SP,1
1428,Pizza,0YA,1
1429,Pizza,1AH,1
1430,Pizza,1AN,1
1431,Pizza,1AU,1
1432,Pizza,1BU,1
1433,Pizza,1BY,1
1434,Pizza,1DE,1
1435,Pizza,1DF,1
1436,Pizza,1DR,1
1437,Pizza,1EH,1
1438,Pizza,1EP,1
1439,Pizza,1GA,1
1440,Pizza,1GJ,1
1441,Pizza,1HD,1
1442,Pizza,1HN,1
1443,Pizza,1HY,1
1444,Pizza,1JH,1
1445,Pizza,1JX,1
1446,Pizza,1LH,1
1447,Pizza,1LY,1
1448,Pizza,1NE,1
1449,Pizza,1NG,1
1450,Pizza,1NT,1
1451,Pizza,1NX,1
1452,Pizza,1PB,1
1453,Pizza,1PF,1
1454,Pizza,1QJ,1
1455,Pizza,1QW,1
1456,Pizza,1QZ,1
1457,Pizza,1RH,1
1458,Pizza,1RW,1
1459,Pizza,1SA,1
1460,Pizza,1SD,1
1461,Pizza,1SP,1
1462,Pizza,1ST,1
1463,Pizza,1SY,1
1464,Pizza,1TA,1
1465,Pizza,1UQ,1
1466,Pizza,1UX,1
1467,Pizza,1WE,1
1468,Pizza,1XF,1
1469,Pizza,1XN,1
1470,Pizza,2AE,1
1471,Pizza,2BA,1
1472,Pizza,2BJ,1
1473,Pizza,2BW,1
1474,Pizza,2DG,1
1475,Pizza,2DZ,1
1476,Pizza,2EQ,1
1477,Pizza,2ET,1
1478,Pizza,2EU,1
1479,Pizza,2FX,1
1480,Pizza,2JE,1
1481,Pizza,2JN,1
1482,Pizza,2JS,1
1483,Pizza,2NB,1
1484,Pizza,2NL,1
1485,Pizza,2PS,1
1486,Pizza,2PT,1
1487,Pizza,2PX,1
1488,Pizza,2QD,1
1489,Pizza,2QE,1
1490,Pizza,2QH,1
1491,Pizza,2RD,1
1492,Pizza,2RL,1
1493,Pizza,2RQ,1
1494,Pizza,2RY,1
1495,Pizza,2SH,1
1496,Pizza,2SQ,1
1497,Pizza,2SR,1
1498,Pizza,2SW,1
1499,Pizza,2TD,1
1500,Pizza,2TH,1
1501,Pizza,2ah,1
1502,Pizza,3BL,1
1503,Pizza,3BN,1
1504,Pizza,3BS,1
1505,Pizza,3DA,1
1506,Pizza,3DD,1
1507,Pizza,3DT,1
1508,Pizza,3DY,1
1509,Pizza,3EL,1
1510,Pizza,3EN,1
1511,Pizza,3ER,1
1512,Pizza,3HB,1
1513,Pizza,3HJ,1
1514,Pizza,3HN,1
1515,Pizza,3HP,1
1516,Pizza,3JP,1
1517,Pizza,3JY,1
1518,Pizza,3LJ,1
1519,Pizza,3NQ,1
1520,Pizza,3PB,1
1521,Pizza,3PN,1
1522,Pizza,3QS,1
1523,Pizza,3QT,1
1524,Pizza,3QX,1
1525,Pizza,3QY,1
1526,Pizza,3RR,1
1527,Pizza,3SD,1
1528,Pizza,3TH,1
1529,Pizza,3YL,1
1530,Pizza,4AT,1
1531,Pizza,4AU,1
1532,Pizza,4AW,1
1533,Pizza,4AX,1
1534,Pizza,4BS,1
1535,Pizza,4DJ,1
1536,Pizza,4DX,1
1537,Pizza,4EQ,1
1538,Pizza,4FT,1
1539,Pizza,4HE,1
1540,Pizza,4JB,1
1541,Pizza,4LQ,1
1542,Pizza,4NG,1
1543,Pizza,4NR,1
1544,Pizza,4NT,1
1545,Pizza,4QF,1
1546,Pizza,4RE,1
1547,Pizza,4SF,1
1548,Pizza,4TN,1
1549,Pizza,4UN,1
1550,Pizza,5AA,1
1551,Pizza,5BX,1
1552,Pizza,5DJ,1
1553,Pizza,5DX,1
1554,Pizza,5ED,1
1555,Pizza,5EY,1
1556,Pizza,5FD,1
1557,Pizza,5HA,1
1558,Pizza,5HS,1
1559,Pizza,5JD,1
1560,Pizza,5NW,1
1561,Pizza,5PD,1
1562,Pizza,5QG,1
1563,Pizza,5QL,1
1564,Pizza,5QP,1
1565,Pizza,5QQ,1
1566,Pizza,5RH,1
1567,Pizza,5RW,1
1568,Pizza,5SP,1
1569,Pizza,5TE,1
1570,Pizza,5TG,1
1571,Pizza,5UF,1
1572,Pizza,6AF,1
1573,Pizza,6AL,1
1574,Pizza,6BX,1
1575,Pizza,6DL,1
1576,Pizza,6DY,1
1577,Pizza,6EN,1
1578,Pizza,6FN,1
1579,Pizza,6LL,1
1580,Pizza,6NB,1
1581,Pizza,6OY,1
1582,Pizza,6QL,1
1583,Pizza,6RR,1
1584,Pizza,6RT,1
1585,Pizza,6RY,1
1586,Pizza,6UN,1
1587,Pizza,6UT,1
1588,Pizza,6YA,1
1589,Pizza,7AE,1
1590,Pizza,7AU,1
1591,Pizza,7BF,1
1592,Pizza,7BZ,1
1593,Pizza,7DR,1
1594,Pizza,7DY,1
1595,Pizza,7EE,1
1596,Pizza,7EG,1
1597,Pizza,7FW,1
1598,Pizza,7HG,1
1599,Pizza,7HX,1
1600,Pizza,7JB,1
1601,Pizza,7JE,1
1602,Pizza,7JW,1
1603,Pizza,7LB,1
1604,Pizza,7LS,1
1605,Pizza,7NT,1
1606,Pizza,7PG,1
1607,Pizza,7PP,1
1608,Pizza,7RA,1
1609,Pizza,7RB,1
1610,Pizza,7RY,1
1611,Pizza,7SW,1
1612,Pizza,7TD,1
1613,Pizza,8AA,1
1614,Pizza,8AB,1
1615,Pizza,8AP,1
1616,Pizza,8BT,1
1617,Pizza,8DF,1
1618,Pizza,8EQ,1
1619,Pizza,8EW,1
1620,Pizza,8GY,1
1621,Pizza,8JD,1
1622,Pizza,8JH,1
1623,Pizza,8JL,1
1624,Pizza,8JS,1
1625,Pizza,8NB,1
1626,Pizza,8NE,1
1627,Pizza,8NS,1
1628,Pizza,8NT,1
1629,Pizza,8PE,1
1630,Pizza,8PL,1
1631,Pizza,8PP,1
1632,Pizza,8PY,1
1633,Pizza,8RN,1
1634,Pizza,8RS,1
1635,Pizza,8SS,1
1636,Pizza,8XB,1
1637,Pizza,9AA,1
1638,Pizza,9AD,1
1639,Pizza,9AE,1
1640,Pizza,9AF,1
1641,Pizza,9AL,1
1642,Pizza,9AN,1
1643,Pizza,9AT,1
1644,Pizza,9DB,1
1645,Pizza,9ES,1
1646,Pizza,9ET,1
1647,Pizza,9FL,1
1648,Pizza,9JR,1
1649,Pizza,9LS,1
1650,Pizza,9LU,1
1651,Pizza,9NA,1
1652,Pizza,9NJ,1
1653,Pizza,9PE,1
1654,Pizza,9PJ,1
1655,Pizza,9PP,1
1656,Pizza,9QU,1
1657,Pizza,9RW,1
1658,Pizza,9TR,1
1659,Pizza,9XD,1
1660,Polish,1DL,2
1661,Polish,5AF,1
1662,Portuguese,2DT,1
1663,Portuguese,3LU,1
1664,Punjabi,2AD,1
1665,Russian,9ER,2
1666,Sandwiches,0DE,2
1667,Sandwiches,2RD,1
1668,Sandwiches,5DX,1
1669,Sandwiches,5QQ,1
1670,Sandwiches,6QR,1
1671,Sandwiches,7AS,1
1672,Sandwiches,7DF,1
1673,Sandwiches,8JJ,1
1674,Sandwiches,8SJ,1
1675,South Curry,0LU,2
1676,South Curry,7RL,2
1677,South Curry,1FD,1
1678,South Curry,5BD,1
1679,Spanish,8JY,1
1680,Sri-lankan,1PQ,2
1681,Sri-lankan,3QG,1
1682,Sri-lankan,8BH,1
1683,Sri-lankan,9HR,1
1684,Sushi,9PX,2
1685,Sushi,3EH,1
1686,Sushi,9RA,1
1687,Thai,8UG,7
1688,Thai,1QR,2
1689,Thai,2HB,2
1690,Thai,3JY,2
1691,Thai,3RX,2
1692,Thai,8HY,2
1693,Thai,8LQ,2
1694,Thai,8NX,2
1695,Thai,8NY,2
1696,Thai,0DQ,1
1697,Thai,1AF,1
1698,Thai,1DG,1
1699,Thai,1JA,1
1700,Thai,1JD,1
1701,Thai,1LA,1
1702,Thai,1PQ,1
1703,Thai,1QW,1
1704,Thai,1TX,1
1705,Thai,2QS,1
1706,Thai,3BP,1
1707,Thai,3DU,1
1708,Thai,5PT,1
1709,Thai,6LG,1
1710,Thai,7QY,1
1711,Thai,8PT,1
1712,Thai,8YJ,1
1713,Turkish,1QT,3
1714,Turkish,3DH,3
1715,Turkish,4QE,3
1716,Turkish,5HY,3
1717,Turkish,6BD,3
1718,Turkish,7RE,3
1719,Turkish,2TZ,2
1720,Turkish,4NH,2
1721,Turkish,4RA,2
1722,Turkish,6AF,2
1723,Turkish,6QN,2
1724,Turkish,6RG,2
1725,Turkish,7BD,2
1726,Turkish,8AG,2
1727,Turkish,9SB,2
1728,Turkish,0PD,1
1729,Turkish,1AF,1
1730,Turkish,1EX,1
1731,Turkish,1HA,1
1732,Turkish,1JQ,1
1733,Turkish,1QE,1
1734,Turkish,1QS,1
1735,Turkish,1RU,1
1736,Turkish,1SH,1
1737,Turkish,2AH,1
1738,Turkish,2BH,1
1739,Turkish,2HL,1
1740,Turkish,2HU,1
1741,Turkish,2NZ,1
1742,Turkish,2QH,1
1743,Turkish,2XZ,1
1744,Turkish,3LB,1
1745,Turkish,3XS,1
1746,Turkish,4AF,1
1747,Turkish,4DF,1
1748,Turkish,4PH,1
1749,Turkish,5AA,1
1750,Turkish,5AQ,1
1751,Turkish,5BA,1
1752,Turkish,5JF,1
1753,Turkish,5PH,1
1754,Turkish,5QS,1
1755,Turkish,6NG,1
1756,Turkish,6NX,1
1757,Turkish,7AD,1
1758,Turkish,7NW,1
1759,Turkish,7PJ,1
1760,Turkish,7SE,1
1761,Turkish,7SY,1
1762,Turkish,8EU,1
1763,Turkish,8HH,1
1764,Turkish,8HJ,1
1765,Turkish,9RE,1
1766,Vegetarian,4PA,2
1767,Vietnamese,8DP,2
